[
  {
    "State": "New York",
    "Cities": [
      "New York",
      "Buffalo",
      "Rochester",
      "Yonkers",
      "Syracuse",
      "Albany",
      "New Rochelle",
      "Mount Vernon",
      "Schenectady",
      "Utica",
      "White Plains",
      "Hempstead",
      "Troy",
      "Niagara Falls",
      "Binghamton",
      "Freeport",
      "Valley Stream"
    ]
  },
  {
    "State": "California",
    "Cities": [
      "Agoura Hills",
      "Alameda",
      "Aliso Viejo",
      "Altadena",
      "Anaheim",
      "Angels Camp",
      "Angwin",
      "Antioch",
      "Aptos",
      "Arcata",
      "Arnold",
      "Arroyo Grande",
      "Atascadero",
      "Atwater",
      "Auburn",
      "Azusa",
      "Bakersfield",
      "Baldwin Park",
      "Bangor",
      "Banning",
      "Barstow",
      "Bell Gardens",
      "Bellflower",
      "Belmont",
      "Berkeley",
      "Beverly Hills",
      "Bishop",
      "Bloomington",
      "Blythe",
      "Boulevard",
      "Brentwood",
      "Browns Valley",
      "Buena Park",
      "Burbank",
      "Burlingame",
      "Burney",
      "Calexico",
      "Camarillo",
      "Camino",
      "Camp Pendleton",
      "Campbell",
      "Campo",
      "Canoga Park",
      "Canyon Country",
      "Capistrano Beach",
      "Cardiff by the Sea",
      "Carlsbad",
      "Carmichael",
      "Carson",
      "Castro Valley",
      "Cathedral City",
      "Ceres",
      "Cerritos",
      "Chatsworth",
      "Chico",
      "Chino",
      "Chino Hills",
      "Chowchilla",
      "Chula Vista",
      "Citrus Heights",
      "Claremont",
      "Clearlake",
      "Clearlake Oaks",
      "Coachella",
      "Colfax",
      "Colton",
      "Colusa",
      "Compton",
      "Concord",
      "Copperopolis",
      "Corcoran",
      "Corona",
      "Costa Mesa",
      "Covina",
      "Crescent City",
      "Culver City",
      "Daly City",
      "Dana Point",
      "Danville",
      "Davis",
      "Del Mar",
      "Delano",
      "Desert Hot Springs",
      "Diamond Springs",
      "Downey",
      "Downieville",
      "El Cajon",
      "El Centro",
      "El Monte",
      "El Segundo",
      "Elk Grove",
      "Encinitas",
      "Encino",
      "Escondido",
      "Eureka",
      "Fairfield",
      "Fallbrook",
      "Fiddletown",
      "Fillmore",
      "Folsom",
      "Fontana",
      "Forest Knolls",
      "Fort Bragg",
      "Fort Jones",
      "Fountain Valley",
      "Fremont",
      "French Camp",
      "Fresno",
      "Fullerton",
      "Galt",
      "Garberville",
      "Garden Grove",
      "Garden Valley",
      "Gardena",
      "Gilroy",
      "Glen Ellen",
      "Glendale",
      "Glendora",
      "Goleta",
      "Grand Terrace",
      "Granite Bay",
      "Grass Valley",
      "Greenbrae",
      "Hanford",
      "Happy Camp",
      "Harbor City",
      "Hawaiian Gardens",
      "Hawthorne",
      "Hayfork",
      "Hayward",
      "Hemet",
      "Herald",
      "Hesperia",
      "Hollister",
      "Huntington Beach",
      "Imperial Beach",
      "Indio",
      "Inglewood",
      "Irvine",
      "Jamul",
      "King City",
      "La Crescenta",
      "La Habra",
      "La Jolla",
      "La Mesa",
      "La Mirada",
      "La Palma",
      "La Puente",
      "La Verne",
      "Laguna Beach",
      "Laguna Hills",
      "Laguna Niguel",
      "Lake Elsinore",
      "Lake Forest",
      "Lakewood",
      "Lancaster",
      "Lemon Grove",
      "Lemoore",
      "Lincoln",
      "Live Oak",
      "Lodi",
      "Loma Linda",
      "Lompoc",
      "Long Beach",
      "Loomis",
      "Los Alamitos",
      "Los Angeles",
      "Los Banos",
      "Los Gatos",
      "Lotus",
      "Loyalton",
      "Lucerne",
      "Lynwood",
      "Madera",
      "Malibu",
      "Manhattan Beach",
      "Marina",
      "Marina del Rey",
      "Mariposa",
      "Markleeville",
      "Martinez",
      "Marysville",
      "Menifee",
      "Menlo Park",
      "Merced",
      "Mission Hills",
      "Mission Viejo",
      "Modesto",
      "Montclair",
      "Monterey",
      "Moorpark",
      "Moreno Valley",
      "Morgan Hill",
      "Morro Bay",
      "Mount Shasta",
      "Mountain View",
      "Murrieta",
      "Napa",
      "National City",
      "Needles",
      "Nevada City",
      "Newark",
      "Newhall",
      "Newport Beach",
      "Nipomo",
      "North Highlands",
      "North Hills",
      "North Hollywood",
      "Northridge",
      "Norwalk",
      "Novato",
      "Oakhurst",
      "Oakland",
      "Oakley",
      "Oceanside",
      "Ojai",
      "Olivehurst",
      "Ontario",
      "Orange",
      "Orangevale",
      "Orland",
      "Orleans",
      "Oroville",
      "Oxnard",
      "Pacific Grove",
      "Pacific Palisades",
      "Pacifica",
      "Pacoima",
      "Palm Desert",
      "Palm Springs",
      "Palmdale",
      "Palo Alto",
      "Panorama City",
      "Paramount",
      "Pasadena",
      "Perris",
      "Petaluma",
      "Pico Rivera",
      "Pittsburg",
      "Placentia",
      "Placerville",
      "Pleasanton",
      "Pomona",
      "Port Hueneme",
      "Porterville",
      "Poway",
      "Quincy",
      "Ramona",
      "Rancho Cordova",
      "Rancho Cucamonga",
      "Rancho Mirage",
      "Rancho Santa Margarita",
      "Redding",
      "Redlands",
      "Redondo Beach",
      "Redwood City",
      "Redwood Valley",
      "Reseda",
      "Rialto",
      "Richmond",
      "Ridgecrest",
      "Rio Linda",
      "Rio Vista",
      "Riverside",
      "Rocklin",
      "Rosemead",
      "Roseville",
      "Sacramento",
      "Salinas",
      "San Andreas",
      "San Bernardino",
      "San Bruno",
      "San Clemente",
      "San Diego",
      "San Dimas",
      "San Fernando",
      "San Francisco",
      "San Geronimo",
      "San Jacinto",
      "San Jose",
      "San Juan Capistrano",
      "San Leandro",
      "San Luis Obispo",
      "San Marcos",
      "San Mateo",
      "San Pablo",
      "San Pedro",
      "San Rafael",
      "Sanger",
      "Santa Ana",
      "Santa Barbara",
      "Santa Clara",
      "Santa Clarita",
      "Santa Cruz",
      "Santa Fe Springs",
      "Santa Maria",
      "Santa Monica",
      "Santa Paula",
      "Santa Rosa",
      "Santee",
      "Sausalito",
      "Seaside",
      "Sebastopol",
      "Sherman Oaks",
      "Shingle Springs",
      "Simi Valley",
      "Sonoma",
      "Sonora",
      "South El Monte",
      "South Gate",
      "South Lake Tahoe",
      "South Pasadena",
      "South San Francisco",
      "Spring Valley",
      "Stanton",
      "Stockton",
      "Studio City",
      "Sunol",
      "Susanville",
      "Sutter Creek",
      "Sylmar",
      "Tarzana",
      "Temecula",
      "Thermal",
      "Thousand Oaks",
      "Topanga",
      "Torrance",
      "Trabuco Canyon",
      "Truckee",
      "Tulare",
      "Tuolumne",
      "Tustin",
      "Ukiah",
      "Union City",
      "Upland",
      "Upper Lake",
      "Vacaville",
      "Vallejo",
      "Van Nuys",
      "Venice",
      "Ventura",
      "Victorville",
      "Visalia",
      "Vista",
      "Walnut",
      "Walnut Creek",
      "Watsonville",
      "Weaverville",
      "West Covina",
      "West Hollywood",
      "West Sacramento",
      "Westlake Village",
      "Whittier",
      "Willits",
      "Willows",
      "Wilmington",
      "Winnetka",
      "Woodland",
      "Woodland Hills",
      "Yreka",
      "Yuba City",
      "Yucaipa",
      "Yucca Valley"

    ]
  },
  {
    "State": "Illinois",

    "Cities": [
      "Addison",
      "Albion",
      "Aledo",
      "Algonquin",
      "Alton",
      "Amboy",
      "Anna",
      "Arlington Heights",
      "Assumption",
      "Aurora",
      "Bartlett",
      "Beardstown",
      "Belleville",
      "Belvidere",
      "Benton",
      "Berwyn",
      "Bloomingdale",
      "Bloomington",
      "Blue Island",
      "Bolingbrook",
      "Bourbonnais",
      "Bradley",
      "Broadview",
      "Buffalo Grove",
      "Burbank",
      "Cairo",
      "Calumet City",
      "Canton",
      "Carbondale",
      "Carlinville",
      "Carlyle",
      "Carmi",
      "Carrier Mills",
      "Carterville",
      "Carthage",
      "Caseyville",
      "Centralia",
      "Champaign",
      "Charleston",
      "Chester",
      "Chicago",
      "Chicago Heights",
      "Cicero",
      "Colchester",
      "Crystal Lake",
      "Danville",
      "Darien",
      "Decatur",
      "Deerfield",
      "DeKalb",
      "Des Plaines",
      "Dixon",
      "Dongola",
      "Downers Grove",
      "Du Quoin",
      "East Moline",
      "East Peoria",
      "East Saint Louis",
      "Edwardsville",
      "Effingham",
      "Elgin",
      "Elizabethtown",
      "Elk Grove Village",
      "Elmhurst",
      "Eureka",
      "Evanston",
      "Evergreen Park",
      "Fairfield",
      "Fairview Heights",
      "Flora",
      "Flossmoor",
      "Forest Park",
      "Fox Lake",
      "Frankfort",
      "Freeport",
      "Galesburg",
      "Geneseo",
      "Geneva",
      "Gibson City",
      "Gillespie",
      "Glen Carbon",
      "Glendale Heights",
      "Glenview",
      "Golconda",
      "Goreville",
      "Granite City",
      "Greenville",
      "Gurnee",
      "Hamilton",
      "Hanover Park",
      "Harrisburg",
      "Harvey",
      "Harwood Heights",
      "Hazel Crest",
      "Hickory Hills",
      "Highland Park",
      "Hines",
      "Hinsdale",
      "Hoffman Estates",
      "Jacksonville",
      "Joliet",
      "Justice",
      "Kankakee",
      "Kewanee",
      "La Grange",
      "La Salle",
      "Lake Villa",
      "Lansing",
      "Lawrenceville",
      "Lemont",
      "Libertyville",
      "Lincoln",
      "Lisle",
      "Litchfield",
      "Lombard",
      "Loves Park",
      "Macomb",
      "Manteno",
      "Marion",
      "Marshall",
      "Maryville",
      "Matteson",
      "Mattoon",
      "Maywood",
      "McHenry",
      "Melrose Park",
      "Metropolis",
      "Milan",
      "Mokena",
      "Moline",
      "Monmouth",
      "Monticello",
      "Morris",
      "Mount Carroll",
      "Mount Prospect",
      "Mount Sterling",
      "Mount Vernon",
      "Mundelein",
      "Murphysboro",
      "Naperville",
      "Nauvoo",
      "New Lenox",
      "Newton",
      "Normal",
      "North Chicago",
      "Northbrook",
      "O Fallon",
      "Oak Brook",
      "Oak Lawn",
      "Oak Park",
      "Okawville",
      "Olney",
      "Olympia Fields",
      "Oregon",
      "Orland Park",
      "Ottawa",
      "Palatine",
      "Palos Heights",
      "Palos Hills",
      "Paris",
      "Park Ridge",
      "Paxton",
      "Pekin",
      "Peoria",
      "Pittsfield",
      "Plainfield",
      "Plano",
      "Pontiac",
      "Princeton",
      "Quincy",
      "Raymond",
      "Red Bud",
      "Rochelle",
      "Rock Island",
      "Rockford",
      "Rolling Meadows",
      "Roselle",
      "Round Lake",
      "Rushville",
      "Saint Charles",
      "Salem",
      "Sandwich",
      "Schaumburg",
      "Sesser",
      "Shawneetown",
      "Shelbyville",
      "Skokie",
      "South Elgin",
      "South Holland",
      "Sparta",
      "Springfield",
      "Steger",
      "Sterling",
      "Stone Park",
      "Streamwood",
      "Streator",
      "Stronghurst",
      "Sycamore",
      "Taylorville",
      "Tinley Park",
      "Toledo",
      "Tuscola",
      "Urbana",
      "Vandalia",
      "Vernon Hills",
      "Vienna",
      "Villa Park",
      "Warrenville",
      "Washington",
      "Waterloo",
      "Watseka",
      "Waukegan",
      "West Chicago",
      "West Frankfort",
      "Westchester",
      "Westmont",
      "Wheaton",
      "Wheeling",
      "Winfield",
      "Winnetka",
      "Wood River",
      "Woodridge",
      "Woodstock",
      "Yorkville"
    ]
  },
  {
    "State": "Texas",

    "Cities": [
      "Houston",
      "San Antonio",
      "Dallas",
      "Austin",
      "Fort Worth",
      "El Paso",
      "Arlington",
      "Corpus Christi",
      "Plano",
      "Laredo",
      "Lubbock",
      "Garland",
      "Irving",
      "Amarillo",
      "Grand Prairie",
      "Brownsville",
      "Pasadena",
      "McKinney",
      "Mesquite",
      "McAllen",
      "Killeen",
      "Frisco",
      "Waco",
      "Carrollton",
      "Denton",
      "Midland",
      "Abilene",
      "Beaumont",
      "Round Rock",
      "Odessa",
      "Wichita Falls",
      "Richardson",
      "Lewisville",
      "Tyler",
      "College Station",
      "Pearland",
      "San Angelo",
      "Allen",
      "League City",
      "Sugar Land",
      "Longview",
      "Edinburg",
      "Mission",
      "Bryan",
      "Baytown",
      "Pharr",
      "Temple",
      "Missouri City",
      "Flower Mound",
      "Harlingen",
      "North Richland Hills",
      "Victoria",
      "Conroe",
      "New Braunfels",
      "Mansfield",
      "Cedar Park",
      "Rowlett",
      "Port Arthur",
      "Euless",
      "Georgetown",
      "Pflugerville",
      "DeSoto",
      "San Marcos",
      "Grapevine",
      "Bedford",
      "Galveston",
      "Cedar Hill",
      "Texas City",
      "Wylie",
      "Haltom City",
      "Keller",
      "Coppell",
      "Rockwall",
      "Huntsville",
      "Duncanville",
      "Sherman",
      "The Colony",
      "Burleson",
      "Hurst",
      "Lancaster",
      "Texarkana",
      "Friendswood",
      "Weslaco"
    ]
  },
  {
    "State": "Pennsylvania",

    "Cities": [
      "Philadelphia",
      "Pittsburgh",
      "Allentown",
      "Erie",
      "Reading",
      "Scranton",
      "Bethlehem",
      "Lancaster",
      "Harrisburg",
      "Altoona",
      "York",
      "State College",
      "Wilkes-Barre"
    ]
  },
  {
    "State": "Arizona",

    "Cities": [
      "Ajo",
      "Apache Junction",
      "Arizona City",
      "Avondale",
      "Benson",
      "Bisbee",
      "Buckeye",
      "Bullhead City",
      "Camp Verde",
      "Casa Grande",
      "Cave Creek",
      "Chandler",
      "Chino Valley",
      "Clifton",
      "Colorado City",
      "Coolidge",
      "Cottonwood",
      "Dewey",
      "Douglas",
      "Duncan",
      "Flagstaff",
      "Florence",
      "Fredonia",
      "Gilbert",
      "Glendale",
      "Glendale Luke AFB",
      "Globe",
      "Goodyear",
      "Green Valley",
      "Hereford",
      "Holbrook",
      "Kingman",
      "Lake Havasu City",
      "Lakeside",
      "Laveen",
      "Litchfield Park",
      "Littlefield",
      "Marana",
      "Maricopa",
      "Mesa",
      "Nogales",
      "Oracle",
      "Page",
      "Paradise Valley",
      "Parker",
      "Payson",
      "Peach Springs",
      "Peoria",
      "Phoenix",
      "Polacca",
      "Prescott",
      "Prescott Valley",
      "Queen Creek",
      "Sacaton",
      "Safford",
      "San Luis",
      "San Tan Valley",
      "Scottsdale",
      "Sedona",
      "Sells",
      "Show Low",
      "Sierra Vista",
      "Snowflake",
      "Surprise",
      "Tempe",
      "Tolleson",
      "Tucson",
      "Vernon",
      "Whiteriver",
      "Wickenburg",
      "Willcox",
      "Winslow",
      "Yuma"

    ]
  },
  {
    "State": "Florida",

    "Cities": [
      "Alford",
      "Altamonte Springs",
      "Apopka",
      "Arcadia",
      "Avon Park",
      "Bartow",
      "Beverly Hills",
      "Blountstown",
      "Boca Raton",
      "Bonita Springs",
      "Boynton Beach",
      "Bradenton",
      "Brandon",
      "Brooksville",
      "Bunnell",
      "Bushnell",
      "Cantonment",
      "Cape Coral",
      "Century",
      "Chiefland",
      "Chipley",
      "Citra",
      "Clearwater",
      "Clermont",
      "Cocoa",
      "Crescent City",
      "Crestview",
      "Cross City",
      "Crystal River",
      "Dade City",
      "Daytona Beach",
      "Debary",
      "Deerfield Beach",
      "Deland",
      "Delray Beach",
      "Deltona",
      "Edgewater",
      "Eustis",
      "Fernandina Beach",
      "Flagler Beach",
      "Floral City",
      "Fort Lauderdale",
      "Fort Myers",
      "Fort Pierce",
      "Fort Walton Beach",
      "Gainesville",
      "Gulf Breeze",
      "Hialeah",
      "Highland City",
      "Hilliard",
      "Holiday",
      "Hollywood",
      "Homestead",
      "Immokalee",
      "Indiantown",
      "Intercession City",
      "Inverness",
      "Jacksonville",
      "Jacksonville Beach",
      "Jasper",
      "Jensen Beach",
      "Jupiter",
      "Key Largo",
      "Key West",
      "Kissimmee",
      "Lake Butler",
      "Lake City",
      "Lake Mary",
      "Lake Wales",
      "Lake Worth",
      "Lakeland",
      "Largo",
      "Leesburg",
      "Lehigh Acres",
      "Live Oak",
      "Longwood",
      "Lutz",
      "Macclenny",
      "Maitland",
      "Marathon",
      "Marianna",
      "Melbourne",
      "Miami",
      "Miami Beach",
      "Miami Gardens",
      "Middleburg",
      "Milton",
      "Montverde",
      "Morriston",
      "Naples",
      "Navarre",
      "Neptune Beach",
      "New Port Richey",
      "North Fort Myers",
      "North Palm Beach",
      "North Port",
      "Ocala",
      "Ocoee",
      "Okeechobee",
      "Opa Locka",
      "Orange City",
      "Orange Park",
      "Orlando",
      "Ormond Beach",
      "Palatka",
      "Palm Bay",
      "Palm Beach",
      "Palm Beach Gardens",
      "Palm Harbor",
      "Panama City",
      "Panama City Beach",
      "Pensacola",
      "Pinellas Park",
      "Plant City",
      "Pompano Beach",
      "Port Charlotte",
      "Port Orange",
      "Port Richey",
      "Port Saint Lucie",
      "Punta Gorda",
      "Quincy",
      "Saint Augustine",
      "Saint Cloud",
      "Saint Petersburg",
      "Sanford",
      "Santa Rosa Beach",
      "Sarasota",
      "Sebring",
      "Silver Springs",
      "Spring Hill",
      "Starke",
      "Stuart",
      "Sumterville",
      "Tallahassee",
      "Tampa",
      "Tarpon Springs",
      "Tavares",
      "Titusville",
      "Trenton",
      "Umatilla",
      "Venice",
      "Vero Beach",
      "Wauchula",
      "West Palm Beach",
      "Winter Haven",
      "Winter Park",
      "Winter Springs",
      "Yulee"
    ]
  },
  {
    "State": "Indiana",

    "Cities": [
      "Albion",
      "Alexandria",
      "Anderson",
      "Angola",
      "Attica",
      "Auburn",
      "Austin",
      "Avon",
      "Batesville",
      "Bedford",
      "Bloomfield",
      "Bloomingdale",
      "Bloomington",
      "Bluffton",
      "Boonville",
      "Brazil",
      "Bremen",
      "Brookville",
      "Brownsburg",
      "Cambridge City",
      "Carmel",
      "Cayuga",
      "Charlestown",
      "Chesterton",
      "Clarksville",
      "Clinton",
      "Columbia City",
      "Columbus",
      "Connersville",
      "Corydon",
      "Crawfordsville",
      "Crown Point",
      "Decatur",
      "Delphi",
      "Dyer",
      "East Chicago",
      "Elkhart",
      "Elwood",
      "English",
      "Evansville",
      "Fishers",
      "Fort Wayne",
      "Franklin",
      "Gary",
      "Goshen",
      "Greencastle",
      "Greenfield",
      "Greensburg",
      "Greenwood",
      "Hammond",
      "Hartford City",
      "Henryville",
      "Highland",
      "Hobart",
      "Huntington",
      "Indianapolis",
      "Jasper",
      "Jeffersonville",
      "Kendallville",
      "Knox",
      "Kokomo",
      "Kouts",
      "La Porte",
      "Lafayette",
      "Lake Station",
      "Lagrange",
      "LaGrange",
      "Lawrenceburg",
      "Lebanon",
      "Lexington",
      "Linton",
      "Logansport",
      "Loogootee",
      "Lowell",
      "Madison",
      "Marion",
      "Martinsville",
      "Merrillville",
      "Mishawaka",
      "Monticello",
      "Mooresville",
      "Morocco",
      "Mount Vernon",
      "Muncie",
      "Nashville",
      "New Albany",
      "New Castle",
      "Newburgh",
      "Noblesville",
      "North Vernon",
      "Osgood",
      "Otterbein",
      "Paoli",
      "Peru",
      "Petersburg",
      "Pierceton",
      "Plainfield",
      "Plymouth",
      "Poland",
      "Portage",
      "Portland",
      "Princeton",
      "Rensselaer",
      "Richmond",
      "Rochester",
      "Rockport",
      "Rockville",
      "Rushville",
      "Salem",
      "Schererville",
      "Scottsburg",
      "Seymour",
      "Shelbyville",
      "South Bend",
      "Spencer",
      "Sullivan",
      "Syracuse",
      "Tell City",
      "Terre Haute",
      "Tipton",
      "Union City",
      "Valparaiso",
      "Vevay",
      "Vincennes",
      "Wabash",
      "Warsaw",
      "Washington",
      "West Harrison",
      "West Terre Haute",
      "Whiteland",
      "Winchester"
    ]
  },
  {
    "State": "Ohio",

    "Cities": [
      "Columbus",
      "Cleveland",
      "Cincinnati",
      "Toledo",
      "Akron",
      "Dayton",
      "Parma",
      "Canton",
      "Youngstown",
      "Lorain",
      "Hamilton",
      "Springfield",
      "Kettering",
      "Elyria",
      "Lakewood",
      "Cuyahoga Falls",
      "Middletown",
      "Euclid",
      "Newark",
      "Mansfield",
      "Mentor",
      "Beavercreek",
      "Cleveland Heights",
      "Strongsville",
      "Dublin",
      "Fairfield",
      "Findlay",
      "Warren",
      "Lancaster",
      "Lima",
      "Huber Heights",
      "Westerville",
      "Marion",
      "Grove City"
    ]
  },
  {
    "State": "North Carolina",

    "Cities": [
      "Charlotte",
      "Raleigh",
      "Greensboro",
      "Durham",
      "Winston-Salem",
      "Fayetteville",
      "Cary",
      "Wilmington",
      "High Point",
      "Greenville",
      "Asheville",
      "Concord",
      "Gastonia",
      "Jacksonville",
      "Chapel Hill",
      "Rocky Mount",
      "Burlington",
      "Wilson",
      "Huntersville",
      "Kannapolis",
      "Apex",
      "Hickory",
      "Goldsboro"
    ]
  },
  {
    "State": "Michigan",

    "Cities": [
      "Detroit",
      "Grand Rapids",
      "Warren",
      "Sterling Heights",
      "Ann Arbor",
      "Lansing",
      "Flint",
      "Dearborn",
      "Livonia",
      "Westland",
      "Troy",
      "Farmington Hills",
      "Kalamazoo",
      "Wyoming",
      "Southfield",
      "Rochester Hills",
      "Taylor",
      "Pontiac",
      "St. Clair Shores",
      "Royal Oak",
      "Novi",
      "Dearborn Heights",
      "Battle Creek",
      "Saginaw",
      "Kentwood",
      "East Lansing",
      "Roseville",
      "Portage",
      "Midland",
      "Lincoln Park",
      "Muskegon"
    ]
  },
  {
    "State": "Tennessee",

    "Cities": [
      "Memphis",
      "Nashville-Davidson",
      "Knoxville",
      "Chattanooga",
      "Clarksville",
      "Murfreesboro",
      "Jackson",
      "Franklin",
      "Johnson City",
      "Bartlett",
      "Hendersonville",
      "Kingsport",
      "Collierville",
      "Cleveland",
      "Smyrna",
      "Germantown",
      "Brentwood"
    ]
  },
  {
    "State": "Massachusetts",

    "Cities": [
      "Boston",
      "Worcester",
      "Springfield",
      "Lowell",
      "Cambridge",
      "New Bedford",
      "Brockton",
      "Quincy",
      "Lynn",
      "Fall River",
      "Newton",
      "Lawrence",
      "Somerville",
      "Waltham",
      "Haverhill",
      "Malden",
      "Medford",
      "Taunton",
      "Chicopee",
      "Weymouth Town",
      "Revere",
      "Peabody",
      "Methuen",
      "Barnstable Town",
      "Pittsfield",
      "Attleboro",
      "Everett",
      "Salem",
      "Westfield",
      "Leominster",
      "Fitchburg",
      "Beverly",
      "Holyoke",
      "Marlborough",
      "Woburn",
      "Chelsea"
    ]
  },
  {
    "State": "Washington",

    "Cities": [
      "Seattle",
      "Spokane",
      "Tacoma",
      "Vancouver",
      "Bellevue",
      "Kent",
      "Everett",
      "Renton",
      "Yakima",
      "Federal Way",
      "Spokane Valley",
      "Bellingham",
      "Kennewick",
      "Auburn",
      "Pasco",
      "Marysville",
      "Lakewood",
      "Redmond",
      "Shoreline",
      "Richland",
      "Kirkland",
      "Burien",
      "Sammamish",
      "Olympia",
      "Lacey",
      "Edmonds",
      "Bremerton",
      "Puyallup"
    ]
  },
  {
    "State": "Colorado",

    "Cities": [
      "Akron",
      "Alamosa",
      "Antonito",
      "Arvada",
      "Aspen",
      "Aurora",
      "Black Hawk",
      "Boulder",
      "Brighton",
      "Broomfield",
      "Burlington",
      "Canon City",
      "Carbondale",
      "Cascade",
      "Castle Rock",
      "Center",
      "Cheyenne Wells",
      "Colorado Springs",
      "Commerce City",
      "Conifer",
      "Cortez",
      "Craig",
      "Del Norte",
      "Delta",
      "Denver",
      "Dillon",
      "Eads",
      "Eagle",
      "Edwards",
      "Elizabeth",
      "Englewood",
      "Estes Park",
      "Evergreen",
      "Fort Collins",
      "Fort Morgan",
      "Frederick",
      "Glenwood Springs",
      "Golden",
      "Granby",
      "Grand Junction",
      "Greeley",
      "Holyoke",
      "Idaho Springs",
      "Julesburg",
      "La Jara",
      "La Junta",
      "Lafayette",
      "Lamar",
      "Las Animas",
      "Limon",
      "Littleton",
      "Longmont",
      "Louisville",
      "Loveland",
      "Monte Vista",
      "Montrose",
      "Monument",
      "Morrison",
      "Ordway",
      "Palmer Lake",
      "Parker",
      "Pueblo",
      "Rangely",
      "Rifle",
      "San Luis",
      "South Fork",
      "Springfield",
      "Steamboat Springs",
      "Sterling",
      "Trinidad",
      "Vail",
      "Walden",
      "Walsenburg",
      "Watkins",
      "Westminster",
      "Wheat Ridge",
      "Wray",
      "Yuma"
    ]
  },
  {
    "State": "District of Columbia",

    "Cities": [
      "Washington"
    ]
  },
  {
    "State": "Maryland",

    "Cities": [
      "Baltimore",
      "Frederick",
      "Rockville",
      "Gaithersburg",
      "Bowie",
      "Hagerstown",
      "Annapolis"
    ]
  },
  {
    "State": "Kentucky",

    "Cities": [
      "Albany",
      "Ashcamp",
      "Ashland",
      "Barbourville",
      "Bardstown",
      "Beattyville",
      "Beaver Dam",
      "Bellevue",
      "Benham",
      "Benton",
      "Berea",
      "Booneville",
      "Bowling Green",
      "Brandenburg",
      "Bronston",
      "Brownsville",
      "Burlington",
      "Cadiz",
      "Calhoun",
      "California",
      "Campbellsville",
      "Campton",
      "Carrollton",
      "Catlettsburg",
      "Central City",
      "Chaplin",
      "Columbia",
      "Corbin",
      "Covington",
      "Cynthiana",
      "Danville",
      "Edmonton",
      "Elizabethtown",
      "Emmalena",
      "Erlanger",
      "Falmouth",
      "Flemingsburg",
      "Florence",
      "Fort Knox",
      "Fort Mitchell",
      "Frankfort",
      "Franklin",
      "Frenchburg",
      "Georgetown",
      "Glasgow",
      "Grayson",
      "Greensburg",
      "Greenup",
      "Greenville",
      "Hagerhill",
      "Hardinsburg",
      "Harlan",
      "Harrodsburg",
      "Hazard",
      "Henderson",
      "Hindman",
      "Hodgenville",
      "Hopkinsville",
      "Hyden",
      "Independence",
      "Inez",
      "Irvine",
      "Jackson",
      "Jamestown",
      "Kirksey",
      "La Grange",
      "Lancaster",
      "Lawrenceburg",
      "Lebanon",
      "Leitchfield",
      "Lewisport",
      "Lexington",
      "Liberty",
      "London",
      "Louisa",
      "Louisville",
      "Madisonville",
      "Manchester",
      "Mayfield",
      "Mayking",
      "Maysville",
      "McKee",
      "Middlesboro",
      "Monticello",
      "Morehead",
      "Morganfield",
      "Morgantown",
      "Mount Sterling",
      "Mount Vernon",
      "Mount Washington",
      "Munfordville",
      "Murray",
      "Nancy",
      "Neon",
      "Newport",
      "Nicholasville",
      "Owensboro",
      "Owenton",
      "Owingsville",
      "Paducah",
      "Paintsville",
      "Paris",
      "Pewee Valley",
      "Pikeville",
      "Pineville",
      "Pippa Passes",
      "Pittsburg",
      "Prestonsburg",
      "Princeton",
      "Providence",
      "Radcliff",
      "Richmond",
      "Rush",
      "Russell",
      "Russellville",
      "Saint Catharine",
      "Salyersville",
      "Sandy Hook",
      "Scottsville",
      "Scuddy",
      "Shelbyville",
      "Shepherdsville",
      "Somerset",
      "South Shore",
      "South Williamson",
      "Springfield",
      "Stanford",
      "Stanton",
      "Taylorsville",
      "Tompkinsville",
      "Tyner",
      "Vanceburg",
      "Versailles",
      "Warsaw",
      "West Liberty",
      "Whitesburg",
      "Whitley City",
      "Williamsburg",
      "Williamstown",
      "Willisburg",
      "Winchester"
    ]
  },
  {
    "State": "Oregon",

    "Cities": [
      "Portland",
      "Eugene",
      "Salem",
      "Gresham",
      "Hillsboro",
      "Beaverton",
      "Bend",
      "Medford",
      "Springfield",
      "Corvallis",
      "Albany",
      "Tigard",
      "Lake Oswego",
      "Keizer"
    ]
  },
  {
    "State": "Oklahoma",

    "Cities": [
      "Oklahoma City",
      "Tulsa",
      "Norman",
      "Broken Arrow",
      "Lawton",
      "Edmond",
      "Moore",
      "Midwest City",
      "Enid",
      "Stillwater",
      "Muskogee"
    ]
  },
  {
    "State": "Wisconsin",

    "Cities": [
      "Milwaukee",
      "Madison",
      "Green Bay",
      "Kenosha",
      "Racine",
      "Appleton",
      "Waukesha",
      "Eau Claire",
      "Oshkosh",
      "Janesville",
      "West Allis",
      "La Crosse",
      "Sheboygan",
      "Wauwatosa",
      "Fond du Lac",
      "New Berlin",
      "Wausau",
      "Brookfield",
      "Greenfield",
      "Beloit"
    ]
  },
  {
    "State": "Nevada",

    "Cities": [
      "Las Vegas",
      "Henderson",
      "Reno",
      "North Las Vegas",
      "Sparks",
      "Carson City"
    ]
  },
  {
    "State": "New Mexico",

    "Cities": [
      "Albuquerque",
      "Las Cruces",
      "Rio Rancho",
      "Santa Fe",
      "Roswell",
      "Farmington",
      "Clovis"
    ]
  },
  {
    "State": "Missouri",

    "Cities": [
      "Kansas City",
      "St. Louis",
      "Springfield",
      "Independence",
      "Columbia",
      "Lee's Summit",
      "O'Fallon",
      "St. Joseph",
      "St. Charles",
      "St. Peters",
      "Blue Springs",
      "Florissant",
      "Joplin",
      "Chesterfield",
      "Jefferson City",
      "Cape Girardeau"
    ]
  },
  {
    "State": "Virginia",

    "Cities": [
      "Virginia Beach",
      "Norfolk",
      "Chesapeake",
      "Richmond",
      "Newport News",
      "Alexandria",
      "Hampton",
      "Roanoke",
      "Portsmouth",
      "Suffolk",
      "Lynchburg",
      "Harrisonburg",
      "Leesburg",
      "Charlottesville",
      "Danville",
      "Blacksburg",
      "Manassas"
    ]
  },
  {
    "State": "Georgia",

    "Cities": [
      "Acworth",
      "Adel",
      "Albany",
      "Alma",
      "Americus",
      "Athens",
      "Atlanta",
      "Augusta",
      "Austell",
      "Bainbridge",
      "Baxley",
      "Blairsville",
      "Blakely",
      "Bloomingdale",
      "Bowdon",
      "Bremen",
      "Brunswick",
      "Buford",
      "Cairo",
      "Calhoun",
      "Carrollton",
      "Cartersville",
      "Cedartown",
      "Chatsworth",
      "Cleveland",
      "Columbus",
      "Commerce",
      "Conyers",
      "Covington",
      "Cumming",
      "Dahlonega",
      "Dalton",
      "Dawsonville",
      "Decatur",
      "Demorest",
      "Douglasville",
      "Dublin",
      "Duluth",
      "Eastman",
      "Elberton",
      "Ellijay",
      "Evans",
      "Fayetteville",
      "Fort Oglethorpe",
      "Franklin",
      "Gainesville",
      "Greensboro",
      "Greenville",
      "Griffin",
      "Hartwell",
      "Hazlehurst",
      "Hinesville",
      "Hiram",
      "Homerville",
      "Jasper",
      "Jefferson",
      "Jonesboro",
      "Kennesaw",
      "Kingsland",
      "Lagrange",
      "Lavonia",
      "Lawrenceville",
      "Leesburg",
      "Loganville",
      "Macon",
      "Marietta",
      "McDonough",
      "Milledgeville",
      "Monroe",
      "Nahunta",
      "Newnan",
      "Norcross",
      "Oakwood",
      "Peachtree City",
      "Peachtree Corners",
      "Pelham",
      "Perry",
      "Quitman",
      "Reidsville",
      "Rincon",
      "Ringgold",
      "Rome",
      "Rossville",
      "Roswell",
      "Saint Marys",
      "Sautee Nacoochee",
      "Savannah",
      "Smyrna",
      "Snellville",
      "Statesboro",
      "Stockbridge",
      "Summerville",
      "Swainsboro",
      "Sylvania",
      "Thomaston",
      "Thomasville",
      "Tifton",
      "Toccoa",
      "Trenton",
      "Tucker",
      "Tyrone",
      "Union Point",
      "Valdosta",
      "Vidalia",
      "Villa Rica",
      "Warner Robins",
      "Waycross",
      "Waynesboro",
      "Wildwood",
      "Winder",
      "Woodstock"
    ]
  },
  {
    "State": "Nebraska",

    "Cities": [
      "Omaha",
      "Lincoln",
      "Bellevue",
      "Grand Island"
    ]
  },
  {
    "State": "Minnesota",

    "Cities": [
      "Minneapolis",
      "St. Paul",
      "Rochester",
      "Duluth",
      "Bloomington",
      "Brooklyn Park",
      "Plymouth",
      "St. Cloud",
      "Eagan",
      "Woodbury",
      "Maple Grove",
      "Eden Prairie",
      "Coon Rapids",
      "Burnsville",
      "Blaine",
      "Lakeville",
      "Minnetonka",
      "Apple Valley",
      "Edina",
      "St. Louis Park",
      "Mankato",
      "Maplewood",
      "Moorhead",
      "Shakopee"
    ]
  },
  {
    "State": "Kansas",

    "Cities": [
      "Abilene",
      "Anthony",
      "Atchison",
      "Belleville",
      "Beloit",
      "Burlington",
      "Chanute",
      "Clay Center",
      "Colby",
      "Columbus",
      "Concordia",
      "Derby",
      "Dighton",
      "Dodge City",
      "El Dorado",
      "Emporia",
      "Fort Scott",
      "Garden City",
      "Garnett",
      "Girard",
      "Goodland",
      "Great Bend",
      "Greensburg",
      "Haviland",
      "Hays",
      "Hiawatha",
      "Hillsboro",
      "Holton",
      "Humboldt",
      "Hutchinson",
      "Iola",
      "Junction City",
      "Kansas City",
      "Kingman",
      "Larned",
      "Lawrence",
      "Leavenworth",
      "Leawood",
      "Liberal",
      "Louisburg",
      "Lyons",
      "Manhattan",
      "Marysville",
      "McPherson",
      "Medicine Lodge",
      "Mission",
      "Moundridge",
      "Neodesha",
      "Newton",
      "Norton",
      "Olathe",
      "Osawatomie",
      "Osborne",
      "Oskaloosa",
      "Ottawa",
      "Overland Park",
      "Paola",
      "Parsons",
      "Phillipsburg",
      "Pittsburg",
      "Pleasanton",
      "Pratt",
      "Riverton",
      "Russell",
      "Salina",
      "Satanta",
      "Sedan",
      "Shawnee",
      "Topeka",
      "Wellington",
      "Wichita",
      "Winchester",
      "Winfield",
      "Yates Center"
    ]
  },
  {
    "State": "Louisiana",

    "Cities": [
      "New Orleans",
      "Baton Rouge",
      "Shreveport",
      "Lafayette",
      "Lake Charles",
      "Kenner",
      "Bossier City",
      "Monroe",
      "Alexandria"
    ]
  },
  {
    "State": "Hawaii",

    "Cities": [
      "Aiea",
      "Ewa Beach",
      "Haleiwa",
      "Hana",
      "Hilo",
      "Honokaa",
      "Honolulu",
      "Hoolehua",
      "JBPHH",
      "Kahuku",
      "Kahului",
      "Kailua",
      "Kailua Kona",
      "Kamuela",
      "Kaneohe",
      "Kapaa",
      "Kapolei",
      "Kaunakakai",
      "Kealakekua",
      "Lihue",
      "Makawao",
      "Mililani",
      "Pahoa",
      "Pearl City",
      "Wahiawa",
      "Waialua",
      "Waianae",
      "Waikoloa",
      "Wailuku",
      "Waimea",
      "Waipahu"
    ]
  },
  {
    "State": "Alaska",

    "Cities": [
      "Anchorage",
      "Anderson",
      "Barrow",
      "Chugiak",
      "Copper Center",
      "Cordova",
      "Craig",
      "Delta Junction",
      "Eagle River",
      "Fairbanks",
      "Girdwood",
      "Haines",
      "Healy",
      "Homer",
      "Juneau",
      "Kenai",
      "Ketchikan",
      "Klawock",
      "Kodiak",
      "Kotzebue",
      "Metlakatla",
      "Nenana",
      "Nome",
      "Palmer",
      "Petersburg",
      "Seward",
      "Sitka",
      "Soldotna",
      "Tok",
      "Unalaska",
      "Valdez",
      "Wasilla",
      "Wrangell"

    ]
  },
  {
    "State": "New Jersey",

    "Cities": [
      "Newark",
      "Jersey City",
      "Paterson",
      "Elizabeth",
      "Clifton",
      "Trenton",
      "Camden",
      "Passaic",
      "Union City",
      "Bayonne",
      "East Orange",
      "Vineland",
      "New Brunswick",
      "Hoboken",
      "Perth Amboy",
      "West New York",
      "Plainfield",
      "Hackensack",
      "Sayreville",
      "Kearny",
      "Linden",
      "Atlantic City"
    ]
  },
  {
    "State": "Idaho",

    "Cities": [
      "American Falls",
      "Blackfoot",
      "Boise",
      "Bonners Ferry",
      "Burley",
      "Caldwell",
      "Challis",
      "Coeur d Alene",
      "Emmett",
      "Garden Valley",
      "Gooding",
      "Grangeville",
      "Hailey",
      "Idaho Falls",
      "Kamiah",
      "Lapwai",
      "Lewiston",
      "Malad City",
      "McCall",
      "Meridian",
      "Moscow",
      "Mountain Home",
      "Nampa",
      "Orofino",
      "Payette",
      "Plummer",
      "Pocatello",
      "Post Falls",
      "Rathdrum",
      "Rexburg",
      "Rigby",
      "Salmon",
      "Soda Springs",
      "Twin Falls"
    ]
  },
  {
    "State": "Alabama",

    "Cities": [
      "Abbeville",
      "Alabaster",
      "Alexander City",
      "Andalusia",
      "Anniston",
      "Arley",
      "Ashford",
      "Ashland",
      "Athens",
      "Attalla",
      "Bessemer",
      "Birmingham",
      "Butler",
      "Calera",
      "Centre",
      "Chatom",
      "Chelsea",
      "Childersburg",
      "Clanton",
      "Cullman",
      "Daphne",
      "Decatur",
      "Demopolis",
      "Dothan",
      "Dutton",
      "Enterprise",
      "Eufaula",
      "Eutaw",
      "Fayette",
      "Florence",
      "Fort Payne",
      "Gadsden",
      "Geneva",
      "Greensboro",
      "Greenville",
      "Guntersville",
      "Haleyville",
      "Hamilton",
      "Hartselle",
      "Huntsville",
      "Jackson",
      "Jasper",
      "Livingston",
      "Luverne",
      "Madison",
      "McKenzie",
      "Mobile",
      "Montgomery",
      "Moulton",
      "Newton",
      "Northport",
      "Oneonta",
      "Opelika",
      "Opp",
      "Oxford",
      "Ozark",
      "Pelham",
      "Pell City",
      "Phenix City",
      "Rainbow City",
      "Samson",
      "Scottsboro",
      "Sheffield",
      "Spanish Fort",
      "Sylacauga",
      "Talladega",
      "Tallassee",
      "Troy",
      "Tuscaloosa",
      "Tuskegee",
      "Union Springs",
      "Vernon",
      "Warrior",
      "Webb",
      "Wedowee",
      "Winfield"

    ]
  },
  {
    "State": "Iowa",

    "Cities": [
      "Adel",
      "Albia",
      "Allison",
      "Ames",
      "Anamosa",
      "Ankeny",
      "Atlantic",
      "Audubon",
      "Bayard",
      "Belmond",
      "Bettendorf",
      "Bloomfield",
      "Boone",
      "Burlington",
      "Carroll",
      "Cedar Rapids",
      "Centerville",
      "Chariton",
      "Cherokee",
      "Clarinda",
      "Clarion",
      "Clarksville",
      "Clinton",
      "Clive",
      "Coralville",
      "Corydon",
      "Council Bluffs",
      "Cresco",
      "Creston",
      "Davenport",
      "Decorah",
      "Delhi",
      "Denison",
      "Des Moines",
      "Dubuque",
      "Elkader",
      "Fairfield",
      "Fayette",
      "Fort Dodge",
      "Fredericksburg",
      "Garner",
      "Greenfield",
      "Guthrie Center",
      "Humboldt",
      "Ida Grove",
      "Independence",
      "Indianola",
      "Iowa City",
      "Jefferson",
      "Johnston",
      "Keokuk",
      "Keosauqua",
      "Knoxville",
      "Lake City",
      "Lamoni",
      "Le Mars",
      "Leon",
      "Manchester",
      "Manning",
      "Maquoketa",
      "Marshalltown",
      "Mason City",
      "Mediapolis",
      "Mount Pleasant",
      "Muscatine",
      "Newton",
      "North Liberty",
      "Oelwein",
      "Onawa",
      "Orange City",
      "Osceola",
      "Oskaloosa",
      "Ottumwa",
      "Pella",
      "Perry",
      "Prairie City",
      "Red Oak",
      "Rockwell City",
      "Sac City",
      "Sheldon",
      "Shenandoah",
      "Sigourney",
      "Sioux City",
      "Spencer",
      "Spirit Lake",
      "Storm Lake",
      "Tipton",
      "Urbandale",
      "Vinton",
      "Wapello",
      "Washington",
      "Waterloo",
      "Waukon",
      "Waverly",
      "Webster City",
      "West Burlington",
      "West Des Moines",
      "Winterset"
    ]
  },
  {
    "State": "Arkansas",

    "Cities": [
      "Batesville",
      "Benton",
      "Bentonville",
      "Berryville",
      "Bismarck",
      "Blytheville",
      "Booneville",
      "Bryant",
      "Cabot",
      "Camden",
      "Cherokee Village",
      "Clarksville",
      "Clinton",
      "Conway",
      "Corning",
      "Crossett",
      "De Queen",
      "Dumas",
      "El Dorado",
      "Eureka Springs",
      "Fayetteville",
      "Fordyce",
      "Forrest City",
      "Fort Smith",
      "Hamburg",
      "Hardy",
      "Harrison",
      "Heber Springs",
      "Helena",
      "Hope",
      "Hot Springs National Park",
      "Hoxie",
      "Huntsville",
      "Jonesboro",
      "Lake Village",
      "Lewisville",
      "Little Rock",
      "Lonoke",
      "Magnolia",
      "Malvern",
      "Marianna",
      "Marion",
      "Marshall",
      "Maumelle",
      "Melbourne",
      "Mena",
      "Monticello",
      "Morrilton",
      "Mountain Home",
      "Mountain View",
      "Nashville",
      "Newport",
      "North Little Rock",
      "Osceola",
      "Oxford",
      "Ozark",
      "Paragould",
      "Paris",
      "Pine Bluff",
      "Pocahontas",
      "Ratcliff",
      "Rogers",
      "Russellville",
      "Salem",
      "Searcy",
      "Sheridan",
      "Siloam Springs",
      "Springdale",
      "Star",
      "City",
      "Stuttgart",
      "Texarkana",
      "Trumann",
      "Van Buren",
      "Waldron",
      "Walnut Ridge",
      "Warren",
      "West Memphis",
      "White Hall",
      "Wynne"

    ]
  },
  {
    "State": "Utah",

    "Cities": [
      "Salt Lake City",
      "West Valley City",
      "Provo",
      "West Jordan",
      "Orem",
      "Sandy",
      "Ogden",
      "St. George",
      "Layton",
      "Taylorsville",
      "South Jordan",
      "Lehi",
      "Logan",
      "Murray",
      "Draper",
      "Bountiful",
      "Riverton",
      "Roy"
    ]
  },
  {
    "State": "Rhode Island",

    "Cities": [
      "Providence",
      "Warwick",
      "Cranston",
      "Pawtucket",
      "East Providence",
      "Woonsocket"
    ]
  },
  {
    "State": "Mississippi",

    "Cities": [
      "Jackson",
      "Gulfport",
      "Southaven",
      "Hattiesburg",
      "Biloxi",
      "Meridian"
    ]
  },
  {
    "State": "South Dakota",

    "Cities": [
      "Sioux Falls",
      "Rapid City"
    ]
  },
  {
    "State": "Connecticut",

    "Cities": [
      "Ansonia",
      "Avon",
      "Bethlehem",
      "Bloomfield",
      "Branford",
      "Bridgeport",
      "Bristol",
      "Canaan",
      "Cheshire",
      "Chester",
      "Colchester",
      "Danbury",
      "Danielson",
      "Darien",
      "Dayville",
      "Derby",
      "East Hartford",
      "Enfield",
      "Fairfield",
      "Farmington",
      "Glastonbury",
      "Greenwich",
      "Groton",
      "Hamden",
      "Hartford",
      "Harwinton",
      "Jewett City",
      "Kent",
      "Lebanon",
      "Litchfield",
      "Madison",
      "Manchester",
      "Mansfield Center",
      "Meriden",
      "Middletown",
      "Milford",
      "Moosup",
      "New Britain",
      "New Canaan",
      "New Haven",
      "New London",
      "New Milford",
      "Newington",
      "North Haven",
      "North Stonington",
      "Norwalk",
      "Norwich",
      "Old Saybrook",
      "Pawcatuck",
      "Putnam",
      "Quaker Hill",
      "Sandy Hook",
      "Sharon",
      "Shelton",
      "Southport",
      "Stafford Springs",
      "Stamford",
      "Stratford",
      "Torrington",
      "Vernon Rockville",
      "Waterbury",
      "West Hartford",
      "West Haven",
      "Westbrook",
      "Westport",
      "Willimantic",
      "Wilton",
      "Winsted"
    ]
  },
  {
    "State": "South Carolina",

    "Cities": [
      "Columbia",
      "Charleston",
      "North Charleston",
      "Mount Pleasant",
      "Rock Hill",
      "Greenville",
      "Summerville",
      "Sumter",
      "Goose Creek",
      "Hilton Head Island",
      "Florence",
      "Spartanburg"
    ]
  },
  {
    "State": "New Hampshire",

    "Cities": [
      "Manchester",
      "Nashua",
      "Concord"
    ]
  },
  {
    "State": "North Dakota",

    "Cities": [
      "Fargo",
      "Bismarck",
      "Grand Forks",
      "Minot"
    ]
  },
  {
    "State": "Montana",

    "Cities": [
      "Billings",
      "Missoula",
      "Great Falls",
      "Bozeman"
    ]
  },
  {
    "State": "Delaware",

    "Cities": [
      "Bear",
      "Claymont",
      "Dover",
      "Georgetown",
      "Lewes",
      "Milford",
      "Millsboro",
      "New Castle",
      "Newark",
      "Rehoboth Beach",
      "Seaford",
      "Wilmington"

    ]
  },
  {
    "State": "Maine",

    "Cities": [
      "Portland"
    ]
  },
  {
    "State": "Wyoming",

    "Cities": [
      "Cheyenne",
      "Casper"
    ]
  },
  {
    "State": "West Virginia",

    "Cities": [
      "Charleston",
      "Huntington"
    ]
  },
  {
    "State": "Vermont",

    "Cities": [
      "Burlington"
    ]
  }
]